SDKResource,Name
aws_apprunner_auto_scaling_configuration_version,AutoScaling Configuration Version
aws_ecs_cluster,Cluster
aws_medialive_multiplex,Multiplex
aws_memorydb_snapshot,Snapshot
aws_sagemaker_notebook_instance,Notebook Instance
aws_securityhub_standards_subscription,
aws_db_proxy_target,
aws_route53recoverycontrolconfig_safety_rule,
aws_config_organization_custom_rule,
aws_datasync_location_efs,Location EFS
aws_vpc_ipam_pool_cidr_allocation,
aws_elasticsearch_domain_saml_options,
aws_iot_topic_rule_destination,
aws_kinesis_video_stream,Stream
aws_storagegateway_nfs_file_share,NFS File Share
aws_vpclattice_resource_policy,Resource Policy
aws_appsync_graphql_api,GraphQL API
aws_vpc_endpoint_route_table_association,
aws_efs_backup_policy,
aws_emr_instance_fleet,
aws_fsx_backup,Backup
aws_opensearch_domain,Domain
aws_placement_group,Placement Group
aws_neptune_cluster_instance,Cluster
aws_autoscaling_attachment,
aws_chimesdkvoice_voice_profile_domain,Voice Profile Domain
aws_datasync_location_nfs,Location NFS
aws_guardduty_invite_accepter,
aws_memorydb_parameter_group,Parameter Group
aws_wafregional_regex_pattern_set,
aws_chimesdkmediapipelines_media_insights_pipeline_configuration,Media Insights Pipeline Configuration
aws_redshift_snapshot_schedule,Snapshot Schedule
aws_service_discovery_public_dns_namespace,Public DNS Namespace
aws_codepipeline,Pipeline
aws_dms_event_subscription,Event Subscription
aws_default_subnet,Subnet
aws_memorydb_acl,ACL
aws_securityhub_account,
aws_transfer_access,
aws_wafv2_regex_pattern_set,Regex Pattern Set
aws_xray_encryption_config,
aws_dx_hosted_public_virtual_interface_accepter,Hosted Public Virtual Interface
aws_ram_resource_share,Resource Share
aws_vpclattice_access_log_subscription,Access Log Subscription
aws_ec2_network_insights_analysis,Network Insights Analysis
aws_redshiftserverless_snapshot,
aws_connect_vocabulary,Vocabulary
aws_fsx_file_cache,File Cache
aws_kms_key_policy,
aws_securityhub_finding_aggregator,
aws_signer_signing_profile_permission,
aws_lambda_alias,
aws_dax_parameter_group,
aws_ec2_transit_gateway_route_table_propagation,
aws_cloudwatch_event_bus_policy,
aws_route53recoveryreadiness_resource_set,Resource Set
aws_directory_service_region,Region
aws_ec2_local_gateway_route,
aws_qldb_ledger,Ledger
aws_appstream_stack,Stack
aws_volume_attachment,
aws_lightsail_container_service,Container Service
aws_wafregional_rate_based_rule,Rate Based Rule
aws_api_gateway_api_key,API Key
aws_network_interface_sg_attachment,
aws_load_balancer_policy,
aws_pinpoint_email_channel,
aws_dynamodb_contributor_insights,
aws_ec2_subnet_cidr_reservation,
aws_imagebuilder_image_recipe,Image Recipe
aws_oam_link,Link
aws_route53recoveryreadiness_recovery_group,Recovery Group
aws_backup_framework,Framework
aws_config_organization_managed_rule,
aws_launch_template,Launch Template
aws_ecr_repository,Repository
aws_qldb_stream,Stream
aws_ssm_activation,Activation
aws_codeartifact_repository,Repository
aws_dms_replication_instance,Replication Instance
aws_directory_service_shared_directory_accepter,
aws_glue_dev_endpoint,Dev Endpoint
aws_inspector_assessment_target,
aws_appmesh_virtual_node,Virtual Node
aws_codecommit_trigger,
aws_backup_vault_lock_configuration,
aws_lb_ssl_negotiation_policy,
aws_cloudwatch_event_archive,
aws_fsx_openzfs_volume,OpenZFS Volume
aws_glue_partition_index,
aws_transfer_server,Server
aws_codecommit_repository,Repository
aws_fsx_ontap_volume,ONTAP Volume
aws_codecommit_approval_rule_template_association,
aws_devicefarm_test_grid_project,Test Grid Project
aws_s3_bucket_server_side_encryption_configuration,
aws_cloudfront_key_group,
aws_dx_gateway_association_proposal,
aws_efs_file_system,File System
aws_elasticsearch_domain,Domain
aws_lambda_function_event_invoke_config,
aws_rolesanywhere_trust_anchor,Trust Anchor
aws_dx_private_virtual_interface,Private Virtual Interface
aws_location_tracker,Route Calculator
aws_neptune_parameter_group,Parameter Group
aws_pinpoint_gcm_channel,
aws_sagemaker_device_fleet,Device Fleet
aws_timestreamwrite_database,Database
aws_wafregional_xss_match_set,
aws_cloud9_environment_ec2,Environment EC2
aws_directory_service_shared_directory,
aws_networkmanager_site_to_site_vpn_attachment,Site To Site VPN Attachment
aws_s3_bucket_acl,
aws_sagemaker_device,
aws_wafregional_regex_match_set,
aws_codedeploy_deployment_config,
aws_ebs_volume,EBS Volume
aws_ec2_capacity_reservation,Capacity Reservation
aws_identitystore_group_membership,
aws_dynamodb_kinesis_streaming_destination,
aws_route_table_association,
aws_route53_resolver_rule,Rule
aws_synthetics_group,Group
aws_backup_vault,Vault
aws_config_configuration_aggregator,Configuration Aggregator
aws_sesv2_contact_list,Contact List
aws_sesv2_dedicated_ip_assignment,
aws_glue_connection,Connection
aws_networkmanager_link_association,
aws_servicecatalog_provisioned_product,Provisioned Product
aws_api_gateway_base_path_mapping,
aws_backup_selection,
aws_networkmanager_core_network,Core Network
aws_s3control_bucket_policy,
aws_sns_sms_preferences,
aws_transfer_workflow,Workflow
aws_cognito_user_group,
aws_ec2_transit_gateway_peering_attachment,Transit Gateway Peering Attachment
aws_cloudformation_stack,Stack
aws_grafana_workspace_api_key,
aws_iot_topic_rule,Topic Rule
aws_lightsail_bucket_access_key,
aws_appsync_api_key,
aws_connect_instance,
aws_iam_user_ssh_key,
aws_iot_role_alias,
aws_quicksight_analysis,Analysis
aws_storagegateway_tape_pool,Tape Pool
aws_vpc_endpoint,VPC Endpoint
aws_gamelift_build,Build
aws_networkmanager_transit_gateway_connect_peer_association,
aws_detective_graph,Graph
aws_dx_gateway_association,
aws_vpc_ipam_pool_cidr,
aws_cloudfront_field_level_encryption_config,
aws_lightsail_disk_attachment,
aws_location_geofence_collection,Geofence Collection
aws_redshiftserverless_resource_policy,
aws_api_gateway_documentation_part,
aws_chime_voice_connector_group,
aws_flow_log,Flow Log
aws_sagemaker_workforce,
aws_appautoscaling_policy,
aws_kendra_data_source,Data Source
aws_networkmanager_link,Link
aws_s3_bucket_notification,
aws_cloudformation_type,
aws_datasync_location_fsx_lustre_file_system,Location FSx Lustre File System
aws_elasticache_user_group,User Group
aws_datasync_location_s3,Location S3
aws_ebs_snapshot_copy,EBS Snapshot
aws_ec2_transit_gateway_multicast_domain,Transit Gateway Multicast Domain
aws_default_security_group,Security Group
aws_lightsail_bucket_resource_access,
aws_ssoadmin_managed_policy_attachment,
aws_lb_listener_rule,Listener Rule
aws_iot_thing_type,Thing Type
aws_opsworks_java_app_layer,Java App Layer
aws_redshift_partner,
aws_schemas_discoverer,Discoverer
aws_amplify_domain_association,
aws_api_gateway_method_settings,
aws_cloudfront_monitoring_subscription,
aws_lex_bot_alias,
aws_lightsail_domain,
aws_vpclattice_listener,Listener
aws_appmesh_virtual_service,Virtual Service
aws_cloudwatch_event_api_destination,
aws_iot_certificate,
aws_pinpoint_apns_voip_sandbox_channel,
aws_synthetics_group_association,Group Association
aws_iam_policy,Policy
aws_iam_saml_provider,SAML Provider
aws_db_event_subscription,Event Subscription
aws_eip,EIP
aws_emrcontainers_virtual_cluster,Virtual Cluster
aws_opensearch_domain_saml_options,
aws_route53_zone_association,
aws_codebuild_report_group,Report Group
aws_security_group,Security Group
aws_kms_replica_key,Replica Key
aws_sesv2_email_identity,Email Identity
aws_shield_protection_group,Protection Group
aws_cloudfront_cache_policy,
aws_dx_connection_confirmation,
aws_gamelift_fleet,Fleet
aws_quicksight_dashboard,Dashboard
aws_ec2_serial_console_access,
aws_network_acl_rule,
aws_lb_listener_certificate,
aws_keyspaces_keyspace,Keyspace
aws_networkmanager_vpc_attachment,VPC Attachment
aws_cloudwatch_metric_stream,Metric Alarm
aws_config_configuration_recorder_status,
aws_evidently_segment,Segment
aws_imagebuilder_image,Image
aws_opsworks_mysql_layer,MySQL Layer
aws_vpclattice_service_network_vpc_association,Service Network VPC Association
aws_codeartifact_domain_permissions_policy,
aws_fsx_ontap_file_system,ONTAP File System
aws_iam_access_key,
aws_kms_key,Key
aws_s3_object,Object
aws_sagemaker_model_package_group,Model Package Group
aws_autoscalingplans_scaling_plan,
aws_vpc_ipam_resource_discovery_association,IPAM Resource Discovery Association
aws_opsworks_rails_app_layer,Rails App Layer
aws_waf_regex_pattern_set,
aws_cloudcontrolapi_resource,
aws_vpn_gateway_route_propagation,
aws_imagebuilder_distribution_configuration,Distribution Configuration
aws_iot_thing,
aws_memorydb_subnet_group,Subnet Group
aws_sagemaker_human_task_ui,Human Task UI
aws_s3control_object_lambda_access_point_policy,
aws_sagemaker_notebook_instance_lifecycle_configuration,
aws_cognito_resource_server,
aws_key_pair,Key Pair
aws_lightsail_lb,LB
aws_opsworks_memcached_layer,Memcached Layer
aws_rum_metrics_destination,
aws_s3_bucket,Bucket
aws_vpclattice_service_network,ServiceNetwork
aws_vpn_gateway_attachment,
aws_iam_account_alias,
aws_licensemanager_grant_accepter,
aws_pipes_pipe,Pipe
aws_securityhub_standards_control,
aws_storagegateway_stored_iscsi_volume,Stored iSCSI Volume
aws_transfer_tag,
aws_appconfig_environment,Environment
aws_connect_instance_storage_config,
aws_ecr_lifecycle_policy,
aws_iam_group_policy,
aws_redshift_event_subscription,Event Subscription
aws_service_discovery_private_dns_namespace,Private DNS Namespace
aws_appsync_function,
aws_chime_voice_connector_termination_credentials,
aws_docdb_global_cluster,
aws_redshift_cluster,Cluster
aws_s3_bucket_replication_configuration,
aws_servicecatalog_provisioning_artifact,
aws_cloudtrail_event_data_store,Event Data Store
aws_ecr_registry_scanning_configuration,
aws_imagebuilder_infrastructure_configuration,Infrastructure Configuration
aws_chime_voice_connector_termination,
aws_iam_virtual_mfa_device,Virtual MFA Device
aws_redshiftserverless_endpoint_access,
aws_s3_bucket_public_access_block,
aws_securityhub_insight,
aws_wafregional_rule_group,Rule Group
aws_redshiftdata_statement,
aws_connect_routing_profile,Routing Profile
aws_docdb_cluster,Cluster
aws_elb,Classic Load Balancer
aws_gamelift_script,Script
aws_kendra_faq,FAQ
aws_kinesis_stream_consumer,
aws_appintegrations_data_integration,Data Integration
aws_spot_instance_request,Spot Instance Request
aws_eks_fargate_profile,Fargate Profile
aws_mq_configuration,Configuration
aws_opsworks_stack,Stack
aws_networkmanager_connect_attachment,Connect Attachment
aws_opsworks_rds_db_instance,
aws_rds_cluster_instance,Cluster Instance
aws_s3control_bucket,Bucket
aws_schemas_registry_policy,
aws_cloudfront_public_key,
aws_config_delivery_channel,
aws_vpn_gateway,VPN Gateway
aws_guardduty_member,
aws_pinpoint_sms_channel,
aws_redshift_scheduled_action,
aws_servicecatalog_constraint,
aws_ssm_maintenance_window,Maintenance Window
aws_connect_user_hierarchy_group,User Hierarchy Group
aws_route53_resolver_query_log_config,Query Log Config
aws_apigatewayv2_authorizer,
aws_connect_lambda_function_association,
aws_customer_gateway,Customer Gateway
aws_neptune_event_subscription,Event Subscription
aws_wafv2_web_acl,Web ACL
aws_chime_voice_connector_logging,
aws_codepipeline_webhook,Webhook
aws_ec2_fleet,Fleet
aws_lb_cookie_stickiness_policy,
aws_lambda_function_url,
aws_location_map,Map
aws_s3outposts_endpoint,
aws_servicecatalog_tag_option,
aws_codebuild_source_credential,
aws_dx_transit_virtual_interface,Transit Virtual Interface
aws_kms_ciphertext,
aws_lakeformation_resource_lf_tags,
aws_db_snapshot_copy,DB Snapshot
aws_route53_resolver_firewall_domain_list,Firewall Domain List
aws_autoscaling_group_tag,
aws_globalaccelerator_accelerator,Accelerator
aws_cloudwatch_log_destination_policy,
aws_route53_resolver_firewall_rule_group_association,Rule Group Association
aws_service_discovery_http_namespace,HTTP Namespace
aws_cloudfront_origin_request_policy,
aws_lb_listener,Listener
aws_globalaccelerator_endpoint_group,
aws_glue_data_catalog_encryption_settings,
aws_grafana_role_association,
aws_resourcegroups_group,Group
aws_ssm_default_patch_baseline,
aws_vpc_ipam_preview_next_cidr,
aws_ecrpublic_repository_policy,
aws_ecs_tag,
aws_mskconnect_worker_configuration,
aws_sagemaker_feature_group,Feature Group
aws_emr_instance_group,
aws_inspector2_enabler,
aws_route53_resolver_dnssec_config,
aws_s3_account_public_access_block,
aws_appflow_connector_profile,
aws_elastictranscoder_pipeline,
aws_grafana_workspace,Workspace
aws_ram_principal_association,
aws_redshiftserverless_workgroup,Workgroup
aws_apigatewayv2_integration,
aws_docdb_cluster_snapshot,
aws_networkmanager_global_network,Global Network
aws_route53_delegation_set,
aws_s3_bucket_analytics_configuration,
aws_s3_bucket_website_configuration,
aws_prometheus_alert_manager_definition,
aws_quicksight_user,User
aws_route53domains_registered_domain,Registered Domain
aws_ec2_transit_gateway_multicast_group_member,
aws_app_cookie_stickiness_policy,
aws_evidently_feature,Feature
aws_opsworks_permission,
aws_devicefarm_project,Project
aws_s3_bucket_ownership_controls,
aws_servicecatalog_organizations_access,
aws_sns_topic_subscription,
aws_batch_job_queue,Job Queue
aws_vpc_endpoint_connection_notification,
aws_location_route_calculator,Route Calculator
aws_servicequotas_service_quota,
aws_appintegrations_event_integration,Event Integration
aws_dx_hosted_transit_virtual_interface,
aws_ec2_local_gateway_route_table_vpc_association,Local Gateway Route Table VPC Association
aws_swf_domain,Domain
aws_redshift_endpoint_authorization,
aws_storagegateway_gateway,Gateway
aws_backup_region_settings,
aws_ce_anomaly_subscription,Anomaly Subscription
aws_connect_contact_flow,Contact Flow
aws_vpc_ipam_scope,IPAM Scope
aws_ecr_pull_through_cache_rule,
aws_glue_partition,
aws_cloudwatch_dashboard,
aws_ec2_transit_gateway_policy_table_association,
aws_guardduty_organization_configuration,
aws_db_cluster_snapshot,Cluster Snapshot
aws_db_proxy_default_target_group,
aws_amplify_backend_environment,
aws_redshift_parameter_group,Parameter Group
aws_vpc_dhcp_options_association,
aws_iam_user_policy_attachment,
aws_macie2_classification_export_configuration,
aws_sagemaker_space,Space
aws_synthetics_canary,Canary
aws_wafregional_sql_injection_match_set,
aws_config_aggregate_authorization,Aggregate Authorization
aws_datasync_location_hdfs,Location HDFS
aws_ec2_traffic_mirror_filter,Traffic Mirror Filter
aws_proxy_protocol_policy,
aws_ram_resource_share_accepter,
aws_servicecatalog_portfolio,Portfolio
aws_apigatewayv2_route,
aws_cloudformation_stack_set,Stack Set
aws_devicefarm_network_profile,Network Profile
aws_ami,AMI
aws_fms_admin_account,
aws_sagemaker_data_quality_job_definition,Data Quality Job Definition
aws_backup_global_settings,
aws_cognito_identity_provider,
aws_main_route_table_association,
aws_cloudfront_response_headers_policy,
aws_docdb_subnet_group,Subnet Group
aws_route53_resolver_endpoint,Endpoint
aws_ssm_maintenance_window_task,
aws_storagegateway_file_system_association,File System Association
aws_directory_service_conditional_forwarder,
aws_lex_slot_type,
aws_memorydb_cluster,Cluster
aws_route53_resolver_firewall_config,
aws_secretsmanager_secret_policy,
aws_waf_sql_injection_match_set,
aws_macie2_organization_admin_account,
aws_networkfirewall_logging_configuration,
aws_opsworks_application,
aws_db_instance,DB Instance
aws_vpclattice_service_network_service_association,Service Network Service Association
aws_batch_scheduling_policy,Job Definition
aws_lakeformation_permissions,
aws_schemas_schema,Schema
aws_ses_identity_policy,
aws_waf_ipset,
aws_ec2_transit_gateway_multicast_domain_association,
aws_api_gateway_resource,
aws_apprunner_vpc_ingress_connection,VPC Ingress Connection
aws_vpc_ipv6_cidr_block_association,
aws_networkmanager_device,Device
aws_ce_cost_category,Cost Category
aws_lightsail_instance,Instance
aws_ssm_maintenance_window_target,
aws_sesv2_email_identity_feedback_attributes,
aws_waf_web_acl,Web ACL
aws_cloudwatch_composite_alarm,Composite Alarm
aws_iot_policy,
aws_lightsail_disk,Disk
aws_networkfirewall_firewall,Firewall
aws_ses_domain_mail_from,
aws_sesv2_dedicated_ip_pool,Dedicated IP Pool
aws_api_gateway_usage_plan,Usage Plan
aws_cloudhsm_v2_hsm,
aws_kinesis_firehose_delivery_stream,Delivery Stream
aws_db_instance_role_association,
aws_ssmcontacts_contact_channel,Contact Channel
aws_ssmincidents_response_plan,Response Plan
aws_api_gateway_documentation_version,
aws_appconfig_extension,Extension
aws_connect_security_profile,Security Profile
aws_glue_data_quality_ruleset,Data Quality Ruleset
aws_lakeformation_data_lake_settings,
aws_route53_resolver_firewall_rule_group,Firewall Rule Group
aws_apprunner_custom_domain_association,
aws_connect_quick_connect,Quick Connect
aws_ec2_traffic_mirror_session,Traffic Mirror Session
aws_ssoadmin_account_assignment,
aws_apigatewayv2_domain_name,Domain Name
aws_appconfig_configuration_profile,Connection Profile
aws_instance,Instance
aws_ec2_network_insights_path,Network Insights Path
aws_ecs_task_definition,Task Definition
aws_servicecatalog_service_action,
aws_datapipeline_pipeline_definition,
aws_ec2_tag,
aws_media_store_container_policy,
aws_opsworks_user_profile,
aws_waf_regex_match_set,
aws_appautoscaling_target,Target
aws_config_config_rule,Config Rule
aws_datasync_task,Task
aws_alb_target_group_attachment,
aws_pinpoint_apns_channel,
aws_waf_rule_group,Rule Group
aws_network_interface_attachment,
aws_vpc_peering_connection,VPC Peering Connection
aws_lightsail_container_service_deployment_version,
aws_opensearch_inbound_connection_accepter,
aws_waf_rate_based_rule,Rate Based Rule
aws_ecs_task_set,Task Set
aws_load_balancer_listener_policy,
aws_redshift_usage_limit,Usage Limit
aws_sfn_activity,Activity
aws_apprunner_vpc_connector,VPC Connector
aws_ec2_transit_gateway_route,
aws_vpc_ipv4_cidr_block_association,
aws_eks_cluster,Cluster
aws_rds_reserved_instance,Reserved Instance
aws_wafv2_web_acl_logging_configuration,
aws_apigatewayv2_api_mapping,
aws_elastic_beanstalk_configuration_template,
aws_iam_signing_certificate,
aws_lambda_code_signing_config,
aws_neptune_cluster,Cluster
aws_appconfig_hosted_configuration_version,
aws_dax_subnet_group,
aws_alb,Load Balancer
aws_opsworks_php_app_layer,PHP App Layer
aws_pinpoint_baidu_channel,
aws_ssmcontacts_plan,Plan
aws_cognito_user,
aws_ecs_cluster_capacity_providers,
aws_oam_sink,Sink
aws_route53recoverycontrolconfig_cluster,
aws_sesv2_configuration_set_event_destination,
aws_globalaccelerator_custom_routing_listener,
aws_wafv2_ip_set,IP Set
aws_appsync_datasource,
aws_ami_from_instance,AMI
aws_alb_listener_rule,Listener Rule
aws_iot_thing_group_membership,
aws_sagemaker_app,App
aws_lex_bot,
aws_s3control_access_point_policy,
aws_appconfig_deployment,Deployment
aws_elasticache_user_group_association,
aws_organizations_organizational_unit,Organizational Unit
aws_api_gateway_usage_plan_key,
aws_ses_template,
aws_apigatewayv2_api,API
aws_appmesh_route,Route
aws_sns_topic,Topic
aws_workspaces_directory,Directory
aws_dms_s3_endpoint,S3 Endpoint
aws_elastic_beanstalk_environment,Environment
aws_licensemanager_association,
aws_mq_broker,Broker
aws_route53recoveryreadiness_readiness_check,Readiness Check
aws_vpc_ipam_resource_discovery,IPAM Resource Discovery
aws_elb_attachment,
aws_networkfirewall_firewall_policy,Firewall Policy
aws_sns_topic_policy,
aws_wafv2_web_acl_association,
aws_glue_catalog_database,Database
aws_cloudwatch_log_metric_filter,
aws_redshift_authentication_profile,
aws_s3_bucket_cors_configuration,
aws_amplify_app,App
aws_apigatewayv2_deployment,
aws_appautoscaling_scheduled_action,
aws_fms_policy,Policy
aws_networkmanager_core_network_policy_attachment,
aws_networkmanager_transit_gateway_peering,Transit Gateway Peering
aws_budgets_budget,
aws_dataexchange_revision,Revision
aws_ecs_capacity_provider,Capacity Provider
aws_alb_target_group,Target Group
aws_msk_scram_secret_association,
aws_neptune_subnet_group,Subnet Group
aws_rds_cluster_endpoint,Cluster Endpoint
aws_vpclattice_service,Service
aws_wafregional_size_constraint_set,
aws_appsync_domain_name,
aws_glue_security_configuration,
aws_medialive_channel,Channel
aws_rds_cluster,Cluster
aws_appsync_api_cache,
aws_appsync_domain_name_api_association,
aws_codebuild_webhook,
aws_spot_datafeed_subscription,
aws_eks_identity_provider_config,Identity Provider Config
aws_inspector_resource_group,
aws_dms_replication_task,Replication Task
aws_lightsail_key_pair,
aws_macie2_findings_filter,Findings Filter
aws_s3control_bucket_lifecycle_configuration,
aws_sfn_state_machine,State Machine
aws_service_discovery_service,Service
aws_ses_identity_notification_topic,
aws_vpc_peering_connection_options,
aws_fsx_openzfs_snapshot,OpenZFS Snapshot
aws_mskconnect_connector,
aws_memorydb_user,User
aws_quicksight_template,Template
aws_redshift_hsm_configuration,HSM Configuration
aws_cognito_identity_pool_roles_attachment,
aws_inspector2_member_association,
aws_quicksight_folder,Folder
aws_route53recoverycontrolconfig_control_panel,
aws_transcribe_medical_vocabulary,Medical Vocabulary
aws_gamelift_alias,Alias
aws_media_package_channel,Channel
aws_route53recoverycontrolconfig_routing_control,
aws_apprunner_service,Service
aws_datapipeline_pipeline,Pipeline
aws_dx_gateway,
aws_networkfirewall_rule_group,Rule Group
aws_networkmanager_transit_gateway_route_table_attachment,Transit Gateway Route Table Attachment
aws_organizations_policy,Policy
aws_applicationinsights_application,Application
aws_chime_voice_connector,
aws_vpc_dhcp_options,DHCP Options
aws_vpn_connection_route,
aws_iam_group_policy_attachment,
aws_neptune_cluster_snapshot,
aws_route53_resolver_query_log_config_association,
aws_codestarnotifications_notification_rule,Notification Rule
aws_emrcontainers_job_template,Job Template
aws_grafana_license_association,
aws_location_tracker_association,
aws_opsworks_ecs_cluster_layer,ECS Cluster Layer
aws_acmpca_certificate_authority,Certificate Authority
aws_autoscaling_group,
aws_vpc_ipam,IPAM
aws_neptune_cluster_endpoint,Cluster Endpoint
aws_rum_app_monitor,App Monitor
aws_securityhub_invite_accepter,
aws_glue_user_defined_function,
aws_cloudsearch_domain_service_access_policy,
aws_codeartifact_repository_permissions_policy,
aws_globalaccelerator_custom_routing_endpoint_group,
aws_storagegateway_cache,
aws_lambda_function,Function
aws_quicksight_account_subscription,Account Subscription
aws_transfer_ssh_key,
aws_storagegateway_smb_file_share,SMB File Share
aws_xray_group,Group
aws_acmpca_certificate,
aws_api_gateway_method,
aws_cur_report_definition,
aws_cloudwatch_event_rule,Rule
aws_fsx_openzfs_file_system,OpenZFS File System
aws_db_option_group,DB Option Group
aws_dms_endpoint,Endpoint
aws_ami_launch_permission,
aws_imagebuilder_image_pipeline,Image Pipeline
aws_s3_bucket_intelligent_tiering_configuration,
aws_vpclattice_auth_policy,
aws_db_parameter_group,DB Parameter Group
aws_api_gateway_authorizer,
aws_dms_replication_subnet_group,Replication Subnet Group
aws_ec2_managed_prefix_list_entry,
aws_load_balancer_backend_server_policy,
aws_ivschat_logging_configuration,Logging Configuration
aws_lightsail_domain_entry,
aws_workspaces_ip_group,IP Group
aws_api_gateway_client_certificate,Client Certificate
aws_iam_openid_connect_provider,OIDC Provider
aws_inspector2_delegated_admin_account,
aws_opsworks_haproxy_layer,HAProxy Layer
aws_rbin_rule,Rule
aws_sagemaker_domain,Domain
aws_ec2_transit_gateway_route_table,Transit Gateway Route Table
aws_cloudwatch_event_endpoint,Global Endpoint
aws_ssm_association,
aws_snapshot_create_volume_permission,
aws_ec2_transit_gateway_vpc_attachment_accepter,Transit Gateway VPC Attachment
aws_default_vpc,VPC
aws_kendra_thesaurus,Thesaurus
aws_timestreamwrite_table,Table
aws_cloudwatch_event_permission,
aws_evidently_project,Project
aws_glue_resource_policy,
aws_kms_grant,
aws_servicecatalog_product_portfolio_association,
aws_service_discovery_instance,
aws_appmesh_virtual_gateway,Virtual Gateway
aws_ec2_transit_gateway_prefix_list_reference,
aws_iam_user,User
aws_docdb_cluster_instance,Cluster Instance
aws_identitystore_user,
aws_inspector_assessment_template,Assessment Template
aws_msk_serverless_cluster,Serverless Cluster
aws_media_store_container,Container
aws_networkmanager_site,Site
aws_connect_bot_association,
aws_ec2_transit_gateway_peering_attachment_accepter,Transit Gateway Peering Attachment
aws_elastic_beanstalk_application_version,Application Version
aws_pinpoint_app,App
aws_route53_key_signing_key,
aws_servicecatalog_tag_option_resource_association,
aws_apprunner_observability_configuration,Observability Configuration
aws_config_configuration_recorder,
aws_eks_addon,Add-On
aws_iam_instance_profile,Instance Profile
aws_lambda_layer_version,
aws_pinpoint_event_stream,
aws_fis_experiment_template,Experiment Template
aws_kendra_index,Index
aws_redshiftserverless_usage_limit,
aws_servicecatalog_product,Product
aws_lightsail_static_ip_attachment,
aws_resourcegroups_resource,Resource
aws_secretsmanager_secret_version,
aws_servicecatalog_principal_portfolio_association,
aws_apigatewayv2_integration_response,
aws_vpc_ipam_organization_admin_account,
aws_db_proxy_endpoint,DB Proxy Endpoint
aws_lightsail_bucket,Bucket
aws_organizations_organization,
aws_s3control_multi_region_access_point,
aws_workspaces_workspace,Workspace
aws_account_primary_contact,
aws_guardduty_threatintelset,Threat Intel Set
aws_lightsail_instance_public_ports,
aws_waf_rule,Rule
aws_schemas_registry,Registry
aws_api_gateway_deployment,
aws_api_gateway_domain_name,Domain Name
aws_appmesh_gateway_route,Gateway Route
aws_glue_workflow,Workflow
aws_ivs_playback_key_pair,Playback Key Pair
aws_redshift_subnet_group,Subnet Group
aws_db_snapshot,DB Snapshot
aws_cloudhsm_v2_cluster,Cluster
aws_ec2_instance_state,
aws_efs_mount_target,
aws_cloudwatch_log_resource_policy,
aws_networkmanager_transit_gateway_registration,
aws_opsworks_ganglia_layer,Ganglia Layer
aws_comprehend_entity_recognizer,Entity Recognizer
aws_network_interface,Network Interface
aws_organizations_account,Account
aws_db_instance_automated_backups_replication,
aws_s3control_multi_region_access_point_policy,
aws_dx_hosted_transit_virtual_interface_accepter,Hosted Transit Virtual Interface
aws_ecs_service,Service
aws_alb_listener,Listener
aws_iot_thing_group,Thing Group
aws_scheduler_schedule_group,Schedule Group
aws_detective_invitation_accepter,
aws_sagemaker_servicecatalog_portfolio_status,
aws_securityhub_action_target,
aws_sns_topic_data_protection_policy,
aws_controltower_control,
aws_devicefarm_upload,
aws_grafana_workspace_saml_configuration,
aws_guardduty_organization_admin_account,
aws_datasync_location_fsx_openzfs_file_system,Location OpenZFS File System
aws_api_gateway_rest_api,REST API
aws_chime_voice_connector_streaming,
aws_codebuild_project,Project
aws_glue_schema,Schema
aws_ssm_service_setting,
aws_cognito_identity_pool,Pool
aws_sagemaker_flow_definition,Flow Definition
aws_sns_platform_application,
aws_storagegateway_working_storage,
aws_worklink_fleet,
aws_account_alternate_contact,
aws_config_organization_custom_policy_rule,
aws_ec2_client_vpn_endpoint,Client VPN Endpoint
aws_medialive_input_security_group,Input Security Group
aws_connect_hours_of_operation,Hours Of Operation
aws_dynamodb_table_item,
aws_elasticache_parameter_group,Parameter Group
aws_guardduty_ipset,IP Set
aws_vpc_ipam_pool,IPAM Pool
aws_lakeformation_lf_tag,
aws_lightsail_lb_certificate_attachment,
aws_ssoadmin_permissions_boundary_attachment,
aws_api_gateway_stage,Stage
aws_ec2_client_vpn_authorization_rule,
aws_ivs_recording_configuration,Recording Configuration
aws_rolesanywhere_profile,Profile
aws_ses_receipt_rule_set,
aws_waf_geo_match_set,
aws_docdb_event_subscription,Event Subscription
aws_route_table,Route Table
aws_elastictranscoder_preset,
aws_glacier_vault_lock,
aws_dynamodb_tag,
aws_iam_policy_attachment,
aws_iot_thing_principal_attachment,
aws_accessanalyzer_analyzer,Analyzer
aws_codebuild_resource_policy,
aws_ram_resource_association,
aws_ssm_patch_group,
aws_ec2_availability_zone_group,
aws_route53_hosted_zone_dnssec,
aws_dx_connection,Connection
aws_emr_security_configuration,
aws_cloudwatch_event_target,
aws_imagebuilder_component,Component
aws_lakeformation_resource,
aws_acm_certificate,Certificate
aws_appstream_fleet,Fleet
aws_appstream_user,
aws_chime_voice_connector_origination,
aws_dx_connection_association,
aws_iam_role,Role
aws_sagemaker_image_version,
aws_securityhub_member,
aws_iot_provisioning_template,Provisioning Template
aws_athena_database,
aws_autoscaling_traffic_source_attachment,
aws_codestarconnections_host,
aws_datasync_agent,Agent
aws_ebs_default_kms_key,
aws_emr_managed_scaling_policy,
aws_appsync_resolver,
aws_glue_job,Job
aws_kinesis_analytics_application,Application
aws_wafregional_web_acl_association,
aws_budgets_budget_action,
aws_ivschat_room,Room
aws_ses_domain_dkim,
aws_signer_signing_job,
aws_vpclattice_target_group,Target Group
aws_codestarconnections_connection,Connection
aws_comprehend_document_classifier,Document Classifier
aws_connect_user_hierarchy_structure,
aws_dynamodb_table_replica,Table Replica
aws_ec2_traffic_mirror_target,Traffic Mirror Target
aws_glue_ml_transform,ML Transform
aws_network_acl_association,
aws_lambda_layer_version_permission,
aws_lightsail_lb_stickiness_policy,
aws_networkmanager_connection,Connection
aws_db_proxy,DB Proxy
aws_redshift_snapshot_schedule_association,
aws_ssmincidents_replication_set,Replication Set
aws_api_gateway_vpc_link,VPC Link
aws_apprunner_connection,Connection
aws_dx_hosted_private_virtual_interface_accepter,Hosted Private Virtual Interface
aws_ec2_transit_gateway_multicast_group_source,
aws_default_network_acl,Network ACL
aws_vpc_peering_connection_accepter,VPC Peering Connection
aws_acmpca_certificate_authority_certificate,
aws_appmesh_mesh,Service Mesh
aws_cloudfront_field_level_encryption_profile,
aws_vpc_endpoint_subnet_association,
aws_iot_authorizer,
aws_wafregional_rule,Rule
aws_security_group_rule,
aws_shield_protection,Protection
aws_backup_plan,Plan
aws_backup_vault_notifications,
aws_pinpoint_apns_voip_channel,
aws_ses_configuration_set,
aws_ses_domain_identity_verification,
aws_cognito_identity_pool_provider_principal_tag,
aws_lambda_provisioned_concurrency_config,
aws_s3_bucket_lifecycle_configuration,
aws_ec2_client_vpn_network_association,
aws_iam_service_specific_credential,
aws_lambda_permission,
aws_emr_studio,Studio
aws_kinesisanalyticsv2_application_snapshot,
aws_quicksight_group_membership,Group Membership
aws_route53_record,
aws_s3_bucket_logging,
aws_apigatewayv2_route_response,
aws_cloudfront_origin_access_control,
aws_ebs_snapshot,EBS Snapshot
aws_wafregional_geo_match_set,
aws_worklink_website_certificate_authority_association,
aws_rds_cluster_activity_stream,
aws_fsx_windows_file_system,Windows File System
aws_db_subnet_group,DB Subnet Group
aws_sagemaker_app_image_config,App Image Config
aws_apigatewayv2_stage,Stage
aws_dax_cluster,Cluster
aws_dx_bgp_peer,
aws_ec2_transit_gateway_route_table_association,
aws_egress_only_internet_gateway,Egress-only Internet Gateway
aws_ecr_replication_configuration,
aws_vpclattice_target_group_attachment,Target Group Attachment
aws_prometheus_workspace,Workspace
aws_cloudformation_stack_set_instance,
aws_internet_gateway,Internet Gateway
aws_ec2_carrier_gatewa,Carrier Gateway
aws_iam_role_policy,
aws_sagemaker_studio_lifecycle_config,Studio Lifecycle Config
aws_ssoadmin_permission_set_inline_policy,
aws_waf_byte_match_set,
aws_api_gateway_request_validator,
aws_codedeploy_deployment_group,Deployment Group
aws_subnet,Subnet
aws_elastic_beanstalk_application,Application
aws_imagebuilder_container_recipe,Container Recipe
aws_redshift_snapshot_copy_grant,Snapshot Copy Grant
aws_waf_xss_match_set,
aws_wafregional_web_acl,Web ACL
aws_s3_bucket_metric,
aws_sagemaker_model_package_group_policy,
aws_appconfig_extension_association,
aws_appsync_type,
aws_vpc,VPC
aws_nat_gateway,NAT Gateway
aws_fsx_lustre_file_system,Lustre File System
aws_kms_custom_key_store,
aws_appflow_flow,Flow
aws_devicefarm_instance_profile,Instance Profile
aws_sagemaker_code_repository,Code Repository
aws_emrserverless_application,Application
aws_kms_replica_external_key,Replica External Key
aws_lightsail_lb_attachment,
aws_ssm_patch_baseline,Patch Baseline
aws_wafregional_byte_match_set,
aws_docdb_cluster_parameter_group,Cluster Parameter Group
aws_eip_association,
aws_ec2_transit_gateway_connect,Transit Gateway Connect
aws_globalaccelerator_custom_routing_accelerator,Custom Routing Accelerator
aws_sagemaker_image,Image
aws_kinesisanalyticsv2_application,Application
aws_oam_sink_policy,
aws_backup_report_plan,Report Plan
aws_dx_hosted_connection,
aws_dms_certificate,Certificate
aws_directory_service_log_subscription,
aws_eks_node_group,Node Group
aws_iot_policy_attachment,
aws_sagemaker_user_profile,User Profile
aws_codepipeline_custom_action_type,Custom Action Type
aws_connect_contact_flow_module,Contact Flow Module
aws_vpn_connection,VPN Connection
aws_iam_user_group_membership,
aws_ssoadmin_instance_access_control_attributes,
aws_route53_traffic_policy_instance,
aws_ses_event_destination,
aws_efs_file_system_policy,
aws_lb,Load Balancer
aws_iam_group_membership,
aws_iot_indexing_configuration,
aws_lambda_invocation,
aws_macie2_invitation_accepter,
aws_ssoadmin_customer_managed_policy_attachment,
aws_xray_sampling_rule,Sampling Rule
aws_datasync_location_smb,Location SMB
aws_codedeploy_app,App
aws_emr_block_public_access_configuration,
aws_ses_receipt_rule,
aws_api_gateway_account,
aws_kms_external_key,External Key
aws_s3_access_point,
aws_cognito_risk_configuration,
aws_guardduty_detector,Detector
aws_msk_configuration,
aws_scheduler_schedule,
aws_ses_domain_identity,
aws_vpc_endpoint_security_group_association,
aws_opensearch_domain_policy,
aws_sagemaker_workteam,Workteam
aws_athena_named_query,
aws_batch_compute_environment,Compute Environment
aws_cognito_user_pool,User Pool
aws_lightsail_certificate,Certificate
aws_s3control_storage_lens_configuration,Storage Lens Configuration
aws_sqs_queue_policy,
aws_cloudwatch_log_data_protection_policy,
aws_wafregional_ipset,
aws_apigatewayv2_model,
aws_cognito_user_pool_ui_customization,
aws_connect_user,User
aws_ec2_traffic_mirror_filter_rule,
aws_ecr_repository_policy,
aws_evidently_launch,Launch
aws_acmpca_permission,
aws_cloudtrail,Trail
aws_cloudwatch_log_group,Log Group
aws_quicksight_group,Group
aws_route53_query_log,
aws_autoscaling_schedule,
aws_cloudfront_distribution,Distribution
aws_servicecatalog_budget_resource_association,
aws_appstream_fleet_stack_association,
aws_sagemaker_model,Model
aws_ses_receipt_filter,
aws_ssmcontacts_contact,Context
aws_datasync_location_object_storage,Location Object Storage
aws_devicefarm_device_pool,Device Pool
aws_keyspaces_table,Table
aws_kms_alias,
aws_quicksight_data_set,Data Set
aws_route53_vpc_association_authorization,
aws_elasticache_user,User
aws_cloudwatch_event_bus,Event Bus
aws_cloudwatch_log_stream,
aws_acmpca_policy,
aws_vpc_network_performance_metric_subscription,
aws_globalaccelerator_listener,
aws_lightsail_lb_certificate,
aws_servicecatalog_portfolio_share,
aws_transcribe_vocabulary_filter,Vocabulary Filter
aws_apigatewayv2_vpc_link,VPC Link
aws_ec2_client_vpn_route,
aws_medialive_input,Input
aws_s3_bucket_object_lock_configuration,
aws_secretsmanager_secret,Secret
aws_api_gateway_gateway_response,
aws_cognito_user_in_group,
aws_elasticsearch_domain_policy,
aws_route53_resolver_config,
aws_dx_public_virtual_interface,Public Virtual Interface
aws_guardduty_publishing_destination,
aws_networkmanager_connect_peer,Connect Peer
aws_redshift_hsm_client_certificate,HSM Client Certificate
aws_route53_resolver_rule_association,
aws_s3_bucket_inventory,
aws_prometheus_rule_group_namespace,
aws_api_gateway_model,
aws_datasync_location_fsx_windows_file_system,Location FSx Windows File System
aws_ec2_transit_gateway,Transit Gateway
aws_opensearch_outbound_connection,
aws_redshift_cluster_snapshot,Cluster Snapshot
aws_gamelift_game_session_queue,Game Session Queue
aws_iam_user_policy,
aws_kendra_experience,
aws_networkmanager_customer_gateway_association,
aws_s3_bucket_policy,
aws_securityhub_product_subscription,
aws_appstream_directory_config,
aws_ec2_host,Host
aws_glue_catalog_table,
aws_mskconnect_custom_plugin,
aws_macie2_account,
aws_macie2_classification_job,Classification Job
aws_codeartifact_domain,Domain
aws_s3_bucket_object,Object
aws_opsworks_nodejs_app_layer,NodeJS App Layer
aws_route53_zone,Hosted Zone
aws_config_conformance_pack,
aws_dlm_lifecycle_policy,Lifecycle Policy
aws_licensemanager_grant,
aws_sagemaker_endpoint_configuration,Endpoint Configuration
aws_ssm_document,Document
aws_s3_bucket_accelerate_configuration,
aws_vpc_endpoint_service,VPC Endpoint Service
aws_organizations_policy_attachment,
aws_signer_signing_profile,Signing Profile
aws_appconfig_deployment_strategy,Deployment Strategy
aws_dx_lag,LAG
aws_lex_intent,
aws_lightsail_static_ip,
aws_dx_hosted_public_virtual_interface,
aws_ebs_snapshot_import,EBS Snapshot
aws_licensemanager_license_configuration,License Configuration
aws_lightsail_lb_https_redirection_policy,
aws_location_place_index,Map
aws_sagemaker_endpoint,Endpoint
aws_backup_vault_policy,
aws_cloudfront_realtime_log_config,
aws_cloudwatch_log_subscription_filter,
aws_ec2_transit_gateway_policy_table,Transit Gateway Policy Table
aws_sesv2_email_identity_mail_from_attributes,
aws_route53_traffic_policy,
aws_shield_protection_health_check_association,
aws_athena_data_catalog,Data Catalog
aws_spot_fleet_request,Spot Fleet Request
aws_iot_logging_options,
aws_networkfirewall_resource_policy,
aws_pinpoint_apns_sandbox_channel,
aws_route53_health_check,Health Check
aws_storagegateway_upload_buffer,
aws_amplify_webhook,
aws_api_gateway_integration_response,
aws_connect_phone_number,Phone Number
aws_internetmonitor_monitor,Monitor
aws_rds_cluster_role_association,
aws_s3_object_copy,Object
aws_cloud9_environment_membership,
aws_default_vpc_dhcp_options,DHCP Options
aws_guardduty_filter,Filter
aws_ses_email_identity,
aws_vpclattice_listener_rule,Listener Rule
aws_api_gateway_method_response,
aws_codegurureviewer_repository_association,Repository Association
aws_elasticache_replication_group,Replication Group
aws_route53recoveryreadiness_cell,Cell
aws_sagemaker_monitoring_schedule,
aws_securityhub_organization_configuration,
aws_config_remediation_configuration,
aws_fsx_ontap_storage_virtual_machine,ONTAP Storage Virtual Machine
aws_glue_trigger,Trigger
aws_lambda_event_source_mapping,
aws_opsworks_instance,
aws_api_gateway_integration,
aws_appconfig_application,Application
aws_launch_configuration,
aws_network_acl,Network ACL
aws_efs_replication_configuration,
aws_neptune_cluster_parameter_group,Cluster Parameter Group
aws_config_organization_conformance_pack,
aws_connect_queue,Queue
aws_appstream_user_stack_association,
aws_ec2_transit_gateway_connect_peer,Transit Gateway Connect Peer
aws_kendra_query_suggestions_block_list,Query Suggestions Block List
aws_media_convert_queue,Queue
aws_organizations_delegated_administrator,
aws_sagemaker_project,Project
aws_redshiftserverless_namespace,Namespace
aws_serverlessapplicationrepository_cloudformation_stack,CloudFormation Stack
aws_cloudsearch_domain,
aws_cloudwatch_metric_alarm,Metric Alarm
aws_gamelift_game_server_group,Game Server Group
aws_iam_server_certificate,Server Certificate
aws_inspector2_organization_configuration,
aws_lightsail_distribution,Distribution
aws_transcribe_vocabulary,Vocabulary
aws_waf_size_constraint_set,
aws_dataexchange_data_set,Data Set
aws_directory_service_directory,Directory
aws_dynamodb_table,Table
aws_default_route_table,Route Table
aws_lightsail_database,Database
aws_securityhub_organization_admin_account,
aws_sqs_queue,Queue
aws_accessanalyzer_archive_rule,
aws_route,
aws_msk_cluster,Cluster
aws_rds_global_cluster,
aws_redshift_endpoint_access,
aws_s3_bucket_versioning,
aws_ce_cost_allocation_tag,
aws_alb_listener_certificate,
aws_lb_target_group_attachment,
aws_cloudwatch_log_destination,Destination
aws_iam_role_policy_attachment,
aws_ami_copy,AMI
aws_glue_crawler,Crawler
aws_kinesis_stream,Stream
aws_vpc_endpoint_service_allowed_principal,
aws_elasticache_cluster,Cluster
aws_cloudwatch_query_definition,
aws_sesv2_configuration_set,Configuration Set
aws_iam_account_password_policy,
aws_autoscaling_lifecycle_hook,
aws_cloudfront_function,
aws_directory_service_radius_settings,
aws_ebs_encryption_by_default,
aws_ecrpublic_repository,Repository
aws_elasticache_subnet_group,Subnet Group
aws_appstream_image_builder,Image Builder
aws_cloudfront_origin_access_identity,
aws_neptune_global_cluster,
aws_sqs_queue_redrive_policy,
aws_ssm_resource_data_sync,
aws_wafv2_rule_group,Rule Group
aws_api_gateway_rest_api_policy,
aws_autoscaling_notification,
aws_ce_anomaly_monitor,Anomaly Monitor
aws_ec2_managed_prefix_list,Managed Prefix List
aws_mwaa_environment,Environment
aws_storagegateway_cached_iscsi_volume,Cached iSCSI Volume
aws_efs_access_point,Access Point
aws_cloudwatch_event_connection,
aws_macie2_custom_data_identifier,Custom Data Identifier
aws_amplify_branch,Branch
aws_ec2_transit_gateway_vpc_attachment,Transit Gateway VPC Attachment
aws_route53_resolver_firewall_rule,
aws_ssm_parameter,Parameter
aws_codecommit_approval_rule_template,
aws_dx_macsec_key_association,
aws_internet_gateway_attachment,
aws_emr_cluster,Cluster
aws_networkmanager_attachment_accepter,
aws_secretsmanager_secret_rotation,
aws_glacier_vault,Vault
aws_opsworks_custom_layer,Custom Layer
aws_opsworks_static_web_layer,Static Web Layer
aws_s3control_object_lambda_access_point,
aws_sqs_queue_redrive_allow_policy,
aws_rds_cluster_parameter_group,Cluster Parameter Group
aws_redshift_cluster_iam_roles,
aws_appmesh_virtual_router,Virtual Router
aws_batch_job_definition,Job Definition
aws_dynamodb_global_table,
aws_vpc_endpoint_policy,
aws_fsx_data_repository_association,Data Repository Association
aws_identitystore_group,
aws_cognito_user_pool_domain,
aws_elasticache_global_replication_group,
aws_iam_user_login_profile,
aws_iam_service_linked_role,Service Linked Role
aws_pinpoint_adm_channel,
aws_quicksight_data_source,Data Source
aws_iam_group,
aws_macie2_member,Member
aws_transcribe_language_model,Language Model
aws_detective_member,
aws_dx_hosted_private_virtual_interface,
aws_lb_target_group,Target Group
aws_glue_classifier,
aws_ivs_channel,Channel
aws_s3_bucket_request_payment_configuration,
aws_transfer_user,User
aws_acm_certificate_validation,
aws_athena_workgroup,WorkGroup
aws_autoscaling_policy,
aws_vpc_endpoint_connection_accepter,
aws_ecr_registry_policy,
aws_glue_registry,Registry
aws_ecs_account_setting_default,
aws_emr_studio_session_mapping,
aws_ses_active_receipt_rule_set,
aws_ssoadmin_permission_set,Permission Set
